"identifiant","Prénom","Nom","Région","Département","Numéro de circonscription","Profession","Groupe politique (complet)","Groupe politique (abrégé)"
"608016","Véronique","Louwagie","Normandie","Orne","2","Expert-comptable","Les Républicains","LR"
"719528","Jean-François","Portarrieu","Occitanie","Haute-Garonne","5","Journaliste","La République en Marche","LaREM"
"719540","Élisabeth","Toutut-Picard","Occitanie","Haute-Garonne","7","Fonctionnaire de catégorie A","La République en Marche","LaREM"
"721656","Cécile","Muschotti","Provence-Alpes-Côte d'Azur","Var","2","Directrice d’un centre de formation des apprentis ","La République en Marche","LaREM"
"643103","Jean-Jacques","Ferrara","Corse","Corse-du-Sud","1","Médecin","Les Républicains","LR"
"719154","Didier","Martin","Bourgogne-Franche-Comté","Côte-d'Or","1","Neuroradiologue","La République en Marche","LaREM"
"607619","Paul","Molac","Bretagne","Morbihan","4","Professeur du secondaire","Libertés et Territoires","LT"
"719170","Fannette","Charvier","Bourgogne-Franche-Comté","Doubs","1","Employée (autres entreprises publiques)","La République en Marche","LaREM"
"720354","Jean-Michel","Jacques","Bretagne","Morbihan","6","Infirmier des forces spéciales","La République en Marche","LaREM"
"642935","Olivier","Becht","Grand Est","Haut-Rhin","5","Magistrat","Agir ensemble","Agir ens"
"2150","Jean-Luc","Mélenchon","Provence-Alpes-Côte d'Azur","Bouches-du-Rhône","4","Professeur","La France insoumise","FI"
"721336","Blandine","Brocard","Auvergne-Rhône-Alpes","Rhône","5","Employée (secteur privé)","Mouvement Démocrate (MoDem) et Démocrates apparentés","Dem"
"2796","Guy","Teissier","Provence-Alpes-Côte d'Azur","Bouches-du-Rhône","6","Retraité","Les Républicains","LR"
"722194","Florence","Provendier","Ile-de-France","Hauts-de-Seine","10","Cadre dirigeant","La République en Marche","LaREM"
"719994","Catherine","Kamowski","Auvergne-Rhône-Alpes","Isère","5","Professeur du secondaire et technique","La République en Marche","LaREM"
"718838","Fabrice","Brun","Auvergne-Rhône-Alpes","Ardèche","3","Industriel-Chef d'entreprise","Les Républicains","LR"
"608695","Cécile","Untermaier","Bourgogne-Franche-Comté","Saône-et-Loire","4","Fonctionnaire des grands corps de l'État","Socialistes et apparentés","SOC"
"607155","Yves","Daniel","Pays de la Loire","Loire-Atlantique","6","Agriculteur-propriétaire retraité","La République en Marche","LaREM"
"722308","Nathalie","Serre","Auvergne-Rhône-Alpes","Rhône","8","Mère au foyer","Les Républicains","LR"
"720996","M'jid","El Guerrab","Français établis hors de France","Français établis hors de France","9","Autre cadre (secteur privé)","Agir ensemble","Agir ens"
"604","Bernard","Bouley","Ile-de-France","Essonne","2","Chef d'entreprise","Les Républicains","LR"
"719484","Catherine","Daufès-Roux","Occitanie","Gard","5","Personnel de direction de l'Education nationale","La République en Marche","LaREM"
"607090","Jean-Pierre","Vigier","Auvergne-Rhône-Alpes","Haute-Loire","2","Fonctionnaire de catégorie A","Les Républicains","LR"
"720862","Frédéric","Descrozaille","Ile-de-France","Val-de-Marne","1","Autre cadre (secteur privé)","La République en Marche","LaREM"
"722038","Damien","Adam","Normandie","Seine-Maritime","1","Cadre supérieur (secteur privé)","La République en Marche","LaREM"
"720644","Jérôme","Nury","Normandie","Orne","3","Cadre de la fonction publique","Les Républicains","LR"
"334116","Jacqueline","Maquet","Hauts-de-France","Pas-de-Calais","2","Directrice de mission","La République en Marche","LaREM"
"717167","Mounir","Mahjoubi","Ile-de-France","Paris","16","Autre profession libérale","La République en Marche","LaREM"
"331835","Monique","Iborra","Occitanie","Haute-Garonne","6","Retraitée de la Fonction publique","La République en Marche","LaREM"
"719286","Paul-André","Colombani","Corse","Corse-du-Sud","2","Médecin","Libertés et Territoires","LT"
"721678","Robin","Reda","Ile-de-France","Essonne","7","Autres","Les Républicains","LR"
"719302","Alice","Thourot","Auvergne-Rhône-Alpes","Drôme","2","Avocat","La République en Marche","LaREM"
"343493","Gwendal","Rouillard","Bretagne","Morbihan","5","Cadre du secteur public","La République en Marche","LaREM"
"605963","Éric","Alauzet","Bourgogne-Franche-Comté","Doubs","2","Médecin","La République en Marche","LaREM"
"720362","Belkhir","Belhaddad","Grand Est","Moselle","1","Industriel-Chef d'entreprise","La République en Marche","LaREM"
"718944","Cathy","Racon-Bouzon","Provence-Alpes-Côte d'Azur","Bouches-du-Rhône","5","Cadre supérieur (secteur privé)","La République en Marche","LaREM"
"721036","Lénaïck","Adam","Guyane","Guyane","2","Cadre supérieur (entreprises privée)","La République en Marche","LaREM"
"721344","Bruno","Bonnell","Auvergne-Rhône-Alpes","Rhône","6","Industriel-Chef d'entreprise","La République en Marche","LaREM"
"718954","Saïd","Ahamada","Provence-Alpes-Côte d'Azur","Bouches-du-Rhône","7","Fonctionnaire de catégorie A","La République en Marche","LaREM"
"607395","Stéphane","Travert","Normandie","Manche","3","Cadre commercial","La République en Marche","LaREM"
"267260","Bérengère","Poletti","Grand Est","Ardennes","1","Sage-femme","Les Républicains","LR"
"720014","Huguette","Tiegna","Occitanie","Lot","2","Docteur, Ingénieur Recherche et Dévelopement","La République en Marche","LaREM"
"722240","Pierre","Venteau","Nouvelle-Aquitaine","Haute-Vienne","2","Cadre d'organisation professionnelle agricole","La République en Marche","LaREM"
"2952","Jean-Luc","Warsmann","Grand Est","Ardennes","3","Sans profession","UDI et Indépendants","UDI-I"
"721004","Amélia","Lakrafi","Français établis hors de France","Français établis hors de France","10","Chef d'entreprise","La République en Marche","LaREM"
"720672","Robert","Therry","Hauts-de-France","Pas-de-Calais","4","Agriculteur retraité","Les Républicains","LR"
"340357","Michèle","Victory","Auvergne-Rhône-Alpes","Ardèche","2","Professeur de lettres-anglais en lycée professionnel","Socialistes et apparentés","SOC"
"783468","Lamia","El Aaraje","Ile-de-France","Paris","15","Docteure en pharmacie","Socialistes et apparentés","SOC"
"722046","Aurore","Bergé","Ile-de-France","Yvelines","10","Cadre supérieur (secteur privé)","La République en Marche","LaREM"
"719668","Patricia","Mirallès","Occitanie","Hérault","1","Fonctionnaire de catégorie C","La République en Marche","LaREM"
"722062","Florence","Granjus","Ile-de-France","Yvelines","12","Cadre supérieur (entreprises publiques)","La République en Marche","LaREM"
"719684","Coralie","Dubost","Occitanie","Hérault","3","Conseiller juridique","La République en Marche","LaREM"
"720652","Bruno","Duvergé","Hauts-de-France","Pas-de-Calais","1","Cadre supérieur (secteur privé)","Mouvement Démocrate (MoDem) et Démocrates apparentés","Dem"
"722280","Philippe","Meyer","Grand Est","Bas-Rhin","6","Enseignant","Les Républicains","LR"
"719550","Liliana","Tanguy","Bretagne","Finistère","7","Cadre supérieur du secteur public ","La République en Marche","LaREM"
"719294","Mireille","Clapot","Auvergne-Rhône-Alpes","Drôme","1","Cadre supérieur (entreprises publiques)","La République en Marche","LaREM"
"1206","Nicolas","Dupont-Aignan","Ile-de-France","Essonne","8","Administrateur civil","Non inscrit","NI"
"719310","Célia","de Lavergne","Auvergne-Rhône-Alpes","Drôme","3","Ingénieur","La République en Marche","LaREM"
"267450","Rémi","Delatte","Bourgogne-Franche-Comté","Côte-d'Or","2","Agriculteur","Les Républicains","LR"
"720370","Ludovic","Mendes","Grand Est","Moselle","2","Cadre supérieur (secteur privé)","La République en Marche","LaREM"
"719194","Yolaine","de Courson","Bourgogne-Franche-Comté","Côte-d'Or","4","Chef d'entreprise retraitée","Mouvement Démocrate (MoDem) et Démocrates apparentés","Dem"
"721352","Danièle","Cazarian","Auvergne-Rhône-Alpes","Rhône","13","Administratrice de sociétés","La République en Marche","LaREM"
"718962","Jean-Marc","Zulesi","Provence-Alpes-Côte d'Azur","Bouches-du-Rhône","8","Autre cadre (secteur privé)","La République en Marche","LaREM"
"643157","Philippe","Naillet","Réunion","Réunion","1","Inspecteur assurance-vie","Socialistes et apparentés","SOC"
"721364","Raphaël","Gauvain","Bourgogne-Franche-Comté","Saône-et-Loire","5","Avocat","La République en Marche","LaREM"
"718850","Pierre","Cordier","Grand Est","Ardennes","2","Fonctionnaire de catégorie A","Les Républicains","LR"
"767","Jacques","Cattin","Grand Est","Haut-Rhin","2","Viticulteur négociant","Les Républicains","LR"
"720022","Michel","Lauzzana","Nouvelle-Aquitaine","Lot-et-Garonne","1","Médecin","La République en Marche","LaREM"
"718860","Bénédicte","Taurine","Occitanie","Ariège","1","Professeur du secondaire et technique","La France insoumise","FI"
"720038","Sandrine","Josso","Pays de la Loire","Loire-Atlantique","7","Autre profession libérale","Mouvement Démocrate (MoDem) et Démocrates apparentés","Dem"
"610654","Jean-Philippe","Nilor","Martinique","Martinique","4","Collaborateur parlementaire","Gauche démocrate et républicaine","GDR"
"783457","Victor","Habert-Dassault","Hauts-de-France","Oise","1","Avocat","Les Républicains","LR"
"719676","Muriel","Ressiguier","Occitanie","Hérault","2","Employée (autres entreprises publiques)","La France insoumise","FI"
"722070","Pierre","Henriet","Pays de la Loire","Vendée","5","Professeur du secondaire et technique","La République en Marche","LaREM"
"719692","Jean-François","Eliaou","Occitanie","Hérault","4","Médecin","La République en Marche","LaREM"
"719558","Erwan","Balanant","Bretagne","Finistère","8","Photographe et réalisateur","Mouvement Démocrate (MoDem) et Démocrates apparentés","Dem"
"721690","Buon","Tan","Ile-de-France","Paris","9","Chef d'entreprise","La République en Marche","LaREM"
"719318","Emmanuelle","Anthoine","Auvergne-Rhône-Alpes","Drôme","4","Avocate","Les Républicains","LR"
"755549","Sylvain","Brial","Wallis-et-Futuna","Wallis-et-Futuna","1","chef d'entreprise","Libertés et Territoires","LT"
"721702","Jean-Michel","Fauvergue","Ile-de-France","Seine-et-Marne","8","Haut fonctionnaire dans la Police nationale","La République en Marche","LaREM"
"719186","Fadila","Khattabi","Bourgogne-Franche-Comté","Côte-d'Or","3","Professeur d'anglais CFA                   ","La République en Marche","LaREM"
"720378","Richard","Lioger","Grand Est","Moselle","3","Professeur des Universités","La République en Marche","LaREM"
"719202","Didier","Paris","Bourgogne-Franche-Comté","Côte-d'Or","5","Cadre supérieur (secteur privé)","La République en Marche","LaREM"
"720394","Nicole","Trisse","Grand Est","Moselle","5","Salariée du secteur médical","La République en Marche","LaREM"
"608641","Yves","Blein","Auvergne-Rhône-Alpes","Rhône","14","Cadre supérieur du secteur privé","La République en Marche","LaREM"
"1029","Bernard","Deflesselles","Provence-Alpes-Côte d'Azur","Bouches-du-Rhône","9","Ingénieur","Les Républicains","LR"
"721372","Damien","Pichereau","Pays de la Loire","Sarthe","1","Employé (secteur privé)","La République en Marche","LaREM"
"718978","Mohamed","Laqhila","Provence-Alpes-Côte d'Azur","Bouches-du-Rhône","11","Expert-Comptable-Commissaire aux Comptes","Mouvement Démocrate (MoDem) et Démocrates apparentés","Dem"
"722082","Françoise","Ballet-Blu","Nouvelle-Aquitaine","Vienne","1","Chef d'entreprise","La République en Marche","LaREM"
"720030","Alexandre","Freschi","Nouvelle-Aquitaine","Lot-et-Garonne","2","Dirigeant de société","La République en Marche","LaREM"
"718868","Michel","Larive","Occitanie","Ariège","2","Profession rattachée à l'enseignement","La France insoumise","FI"
"720046","Audrey","Dufeu","Pays de la Loire","Loire-Atlantique","8","Directrice établissement de santé","La République en Marche","LaREM"
"721024","Anne","Genetet","Français établis hors de France","Français établis hors de France","11","Médecin","La République en Marche","LaREM"
"722202","Sébastien","Jumel","Normandie","Seine-Maritime","6","Permanent politique","Gauche démocrate et républicaine","GDR"
"783463","Sophie","Métadier","Centre-Val de Loire","Indre-et-Loire","3","Urbaniste","UDI et Indépendants","UDI-I"
"642764","Joël","Aviragnet","Occitanie","Haute-Garonne","8","Directeur d'un établissement pour l'enfance handicapée","Socialistes et apparentés","SOC"
"719700","Philippe","Huppé","Occitanie","Hérault","5","Homme de lettres et artiste","Agir ensemble","Agir ens"
"722094","Christine","Hennion","Ile-de-France","Hauts-de-Seine","3","Cadre supérieur (secteur privé)","La République en Marche","LaREM"
"2449","Jean-Pierre","Pont","Hauts-de-France","Pas-de-Calais","5","Médecin","La République en Marche","LaREM"
"720516","Florence","Morlighem","Hauts-de-France","Nord","11","Gestionnaire de copropriété","La République en Marche","LaREM"
"720684","Pierre-Henri","Dumont","Hauts-de-France","Pas-de-Calais","7","Collaborateur parlementaire","Les Républicains","LR"
"606202","Françoise","Dumas","Occitanie","Gard","1","Cadre supérieur de la fonction publique, directeur territorial","La République en Marche","LaREM"
"643205","Anne-Christine","Lang","Ile-de-France","Paris","10","Cadre territorial","La République en Marche","LaREM"
"721710","Michèle","Peyron","Ile-de-France","Seine-et-Marne","9","Autre cadre (secteur privé)","La République en Marche","LaREM"
"719338","Graziella","Melchior","Bretagne","Finistère","5","Professeure agrégée du supérieur","La République en Marche","LaREM"
"721666","Edith","Audibert","Provence-Alpes-Côte d'Azur","Var","3","Retraitée","Les Républicains","LR"
"720386","Fabien","Di Filippo","Grand Est","Moselle","4","Cadre du secteur privé","Les Républicains","LR"
"719210","Bruno","Joncour","Bretagne","Côtes-d'Armor","1","Secrétaire administratif des affaires sanitaires et sociales","Mouvement Démocrate (MoDem) et Démocrates apparentés","Dem"
"720402","Xavier","Paluszkiewicz","Grand Est","Meurthe-et-Moselle","3","Employé (secteur privé)","La République en Marche","LaREM"
"605518","François-Michel","Lambert","Provence-Alpes-Côte d'Azur","Bouches-du-Rhône","10","Profession libérale","Libertés et Territoires","LT"
"335054","Marietta","Karamanli","Pays de la Loire","Sarthe","2","Professeur dans l'enseignement supérieur","Socialistes et apparentés","SOC"
"267440","Éric","Diard","Provence-Alpes-Côte d'Azur","Bouches-du-Rhône","12","Avocat","Les Républicains","LR"
"718876","Grégory","Besson-Moreau","Grand Est","Aube","1","Président de société","La République en Marche","LaREM"
"720054","Yannick","Haury","Pays de la Loire","Loire-Atlantique","9","Pharmacien","La République en Marche","LaREM"
"2155","Gérard","Menuel","Grand Est","Aube","3","Agriculteur","Les Républicains","LR"
"267780","Agnès","Firmin Le Bodo","Normandie","Seine-Maritime","7","Pharmacien","Agir ensemble","Agir ens"
"508","Gisèle","Biémouret","Occitanie","Gers","2","Assistante parlementaire","Socialistes et apparentés","SOC"
"722102","Annie","Vidal","Normandie","Seine-Maritime","2","Chargée de projet","La République en Marche","LaREM"
"719718","Laurence","Maillart-Méhaignerie","Bretagne","Ille-et-Vilaine","2","Chef entreprise","La République en Marche","LaREM"
"720692","Fabien","Roussel","Hauts-de-France","Nord","20","Attaché parlementaire","Gauche démocrate et républicaine","GDR"
"721844","Béatrice","Piron","Ile-de-France","Yvelines","3","Chef d'entreprise","La République en Marche","LaREM"
"719330","Fabien","Gouttefarde","Normandie","Eure","2","Fonctionnaire de catégorie A","La République en Marche","LaREM"
"721718","Stéphanie","Do","Ile-de-France","Seine-et-Marne","10","Fonctionnaire de catégorie A","La République en Marche","LaREM"
"606171","Richard","Ferrand","Bretagne","Finistère","6","Cadre du secteur privé","La République en Marche","LaREM"
"720802","Catherine","Pujol","Occitanie","Pyrénées-Orientales","2","non communiqué","Non inscrit","NI"
"719218","Hervé","Berville","Bretagne","Côtes-d'Armor","2","Autre cadre (secteur privé)","La République en Marche","LaREM"
"642847","Thibault","Bazin","Grand Est","Meurthe-et-Moselle","4","Autre cadre (secteur privé)","Les Républicains","LR"
"721384","Pascale","Fontenel-Personne","Pays de la Loire","Sarthe","3","Industriel-Chef d'entreprise","Mouvement Démocrate (MoDem) et Démocrates apparentés","Dem"
"718990","Anne","Blanc","Occitanie","Aveyron","2","Infirmière diplômée d'Etat","La République en Marche","LaREM"
"267318","Jean-Carles","Grelier","Pays de la Loire","Sarthe","5","Avocat","Les Républicains","LR"
"718884","Valérie","Bazin-Malgras","Grand Est","Aube","2","Commerçante","Les Républicains","LR"
"607193","Sophie","Errante","Pays de la Loire","Loire-Atlantique","10","Industriel-Chef d'entreprise","La République en Marche","LaREM"
"330240","Éric","Ciotti","Provence-Alpes-Côte d'Azur","Alpes-Maritimes","1","Autre profession","Les Républicains","LR"
"720074","Caroline","Janvier","Centre-Val de Loire","Loiret","2","Autre cadre (secteur privé)","La République en Marche","LaREM"
"330008","Xavier","Breton","Auvergne-Rhône-Alpes","Ain","1","Cadre territorial","Les Républicains","LR"
"774958","Gérard","Leseul","Normandie","Seine-Maritime","5","Cadre d'entreprise / enseignant universitaire","Socialistes et apparentés","SOC"
"335612","Jean-Paul","Lecoq","Normandie","Seine-Maritime","8","Fonctionnaire de catégorie B","Gauche démocrate et républicaine","GDR"
"718674","Olga","Givernet","Auvergne-Rhône-Alpes","Ain","3","Ingénieure aéronautique","La République en Marche","LaREM"
"346054","Emmanuel","Maquet","Hauts-de-France","Somme","3","Agent général d'assurances","Les Républicains","LR"
"719710","Dominique","David","Nouvelle-Aquitaine","Gironde","1","Cadre supérieur (secteur privé)","La République en Marche","LaREM"
"722110","Hubert","Wulfranc","Normandie","Seine-Maritime","3","Profession rattachée à l'enseignement","Gauche démocrate et républicaine","GDR"
"720696","Béatrice","Descamps","Hauts-de-France","Nord","21","Enseignant 1er deg.-directeur école","UDI et Indépendants","UDI-I"
"721852","Marie","Lebec","Ile-de-France","Yvelines","4","Consultante en affaires publiques","La République en Marche","LaREM"
"721726","Sereine","Mauborgne","Provence-Alpes-Côte d'Azur","Var","4","Infirmière libérale","La République en Marche","LaREM"
"719350","Marie","Tamarelle-Verhaeghe","Normandie","Eure","3","Médecin","La République en Marche","LaREM"
"721742","Isabelle","Florennes","Ile-de-France","Hauts-de-Seine","4","Fonctionnaire de catégorie A","Mouvement Démocrate (MoDem) et Démocrates apparentés","Dem"
"1874","Marc","Le Fur","Bretagne","Côtes-d'Armor","3","Sous-préfet","Les Républicains","LR"
"607553","Dominique","Potier","Grand Est","Meurthe-et-Moselle","5","Agriculteur","Socialistes et apparentés","SOC"
"720422","Adrien","Quatennens","Hauts-de-France","Nord","1","Employé (secteur privé)","La France insoumise","FI"
"721398","Typhanie","Degois","Auvergne-Rhône-Alpes","Savoie","1","Juriste","La République en Marche","LaREM"
"719006","Fabrice","Le Vigoureux","Normandie","Calvados","1","Professeur des Universités","La République en Marche","LaREM"
"722090","Bénédicte","Pételle","Ile-de-France","Hauts-de-Seine","2","Professeur des écoles (spécialité français langue étrangère)","La République en Marche","LaREM"
"720066","Stéphanie","Rist","Centre-Val de Loire","Loiret","1","Médecin","La République en Marche","LaREM"
"774956","Yves","Hemedinger","Grand Est","Haut-Rhin","1","Cadre du secteur privé","Les Républicains","LR"
"718894","Loïc","Dombreval","Provence-Alpes-Côte d'Azur","Alpes-Maritimes","2","Chef d'entreprise","La République en Marche","LaREM"
"267735","Claude","de Ganay","Centre-Val de Loire","Loiret","3","","Les Républicains","LR"
"342196","Claudia","Rouaux","Bretagne","Ille-et-Vilaine","3","Gestionnaire à l'INRAE","Socialistes et apparentés","SOC"
"1012","Charles","de la Verpillière","Auvergne-Rhône-Alpes","Ain","2","Conseiller d'État","Les Républicains","LR"
"774952","Philippe","Benassaya","Ile-de-France","Yvelines","11","Conseiller en communication","Les Républicains","LR"
"721046","Nathalie","Bassire","Réunion","Réunion","3","Retraitée de l'enseignement","Les Républicains","LR"
"718682","Stéphane","Trompille","Auvergne-Rhône-Alpes","Ain","4","Employé de banque","La République en Marche","LaREM"
"722228","Jean-Claude","Leclabart","Hauts-de-France","Somme","4","Retraité agricole","La République en Marche","LaREM"
"722118","Sira","Sylla","Normandie","Seine-Maritime","4","Avocate","La République en Marche","LaREM"
"719728","Gaël","Le Bohec","Bretagne","Ille-et-Vilaine","4","Entrepreneur","La République en Marche","LaREM"
"335999","Delphine","Batho","Nouvelle-Aquitaine","Deux-Sèvres","2","Cadre territorial","Non inscrit","NI"
"720704","Laurence","Vichnievsky","Auvergne-Rhône-Alpes","Puy-de-Dôme","3","Magistrat","Mouvement Démocrate (MoDem) et Démocrates apparentés","Dem"
"721734","Philippe","Michel-Kleisbauer","Provence-Alpes-Côte d'Azur","Var","5","Conseiller juridique","Mouvement Démocrate (MoDem) et Démocrates apparentés","Dem"
"643127","Bruno","Questel","Normandie","Eure","4","Avocat","La République en Marche","LaREM"
"719002","Julien","Ravier","Provence-Alpes-Côte d'Azur","Bouches-du-Rhône","1","Directeur des relations institutionnelles et médias","Les Républicains","LR"
"721750","Céline","Calvez","Ile-de-France","Hauts-de-Seine","5","Consultante communication","La République en Marche","LaREM"
"719372","Guillaume","Kasbarian","Centre-Val de Loire","Eure-et-Loir","1","Cadre supérieur (secteur privé)","La République en Marche","LaREM"
"719660","Christelle","Dubos","Nouvelle-Aquitaine","Gironde","12","Directrice d'un service emploi et solidarités","La République en Marche","LaREM"
"721522","Xavier","Batut","Normandie","Seine-Maritime","10","Autre cadre (secteur privé)","La République en Marche","LaREM"
"721832","Sandra","Boëlle","Ile-de-France","Paris","14","","Les Républicains","LR"
"720414","Patrice","Perrot","Bourgogne-Franche-Comté","Nièvre","2","Industriel-Chef d'entreprise","La République en Marche","LaREM"
"720430","Ugo","Bernalicis","Hauts-de-France","Nord","2","Fonctionnaire de catégorie A","La France insoumise","FI"
"266808","Vincent","Rolland","Auvergne-Rhône-Alpes","Savoie","2","Collaborateur parlementaire","Les Républicains","LR"
"1198","Laurence","Dumont","Normandie","Calvados","2","Chargée d'études","Socialistes et apparentés","SOC"
"718902","Cédric","Roussel","Provence-Alpes-Côte d'Azur","Alpes-Maritimes","3","Conseiller en gestion de patrimoine indépendant","La République en Marche","LaREM"
"774960","Isabelle","Santiago","Ile-de-France","Val-de-Marne","9","Cadre territorial","Socialistes et apparentés","SOC"
"721054","David","Lorion","Réunion","Réunion","4","Maître de conférences à l'Université","Les Républicains","LR"
"605069","Jean-Louis","Bricout","Hauts-de-France","Aisne","3","Cadre (secteur privé)","Socialistes et apparentés","SOC"
"721070","Nadia","Ramassamy","Réunion","Réunion","6","Médecin","Les Républicains","LR"
"722126","Guillaume","Chiche","Nouvelle-Aquitaine","Deux-Sèvres","1","Autre cadre (secteur privé)","Non inscrit","NI"
"722134","Jean-Marie","Fiévet","Nouvelle-Aquitaine","Deux-Sèvres","3","Fonctionnaire de catégorie B","La République en Marche","LaREM"
"719748","Émilie","Chalas","Auvergne-Rhône-Alpes","Isère","3","Fonctionnaire de catégorie A","La République en Marche","LaREM"
"608172","Christine","Pires Beaune","Auvergne-Rhône-Alpes","Puy-de-Dôme","2","Fonctionnaire de catégorie A","Socialistes et apparentés","SOC"
"336316","Jean-Claude","Bouchet","Provence-Alpes-Côte d'Azur","Vaucluse","2","Gérant de société","Les Républicains","LR"
"1276","Michel","Fanget","Auvergne-Rhône-Alpes","Puy-de-Dôme","4","Cardiologue","Mouvement Démocrate (MoDem) et Démocrates apparentés","Dem"
"721880","Marie","Guévenoux","Ile-de-France","Essonne","9","Collaborateur politique","La République en Marche","LaREM"
"719364","Claire","O'Petit","Normandie","Eure","5","Retraitée artisan, commerçant, chef d'entreprise","La République en Marche","LaREM"
"606098","Olivier","Marleix","Centre-Val de Loire","Eure-et-Loir","2","Fonctionnaire de catégorie A","Les Républicains","LR"
"605131","Christophe","Castaner","Provence-Alpes-Côte d'Azur","Alpes-de-Haute-Provence","2","Autre profession","La République en Marche","LaREM"
"721538","Muriel","Roques-Etienne","Occitanie","Tarn","1","Expert comptable et commissaire aux comptes","La République en Marche","LaREM"
"721530","Aude","Luquet","Ile-de-France","Seine-et-Marne","1","Autre profession","Mouvement Démocrate (MoDem) et Démocrates apparentés","Dem"
"720438","Christophe","Di Pompeo","Hauts-de-France","Nord","3","Professeur de faculté","La République en Marche","LaREM"
"721410","Émilie","Bonnivard","Auvergne-Rhône-Alpes","Savoie","3","Cadre à la Caisse des Dépôts et Consignations","Les Républicains","LR"
"721426","Véronique","Riotton","Auvergne-Rhône-Alpes","Haute-Savoie","1","Consultante-Coach en Ressources Humaines","La République en Marche","LaREM"
"718910","Claire","Pitollat","Provence-Alpes-Côte d'Azur","Bouches-du-Rhône","2","Ingénieur","La République en Marche","LaREM"
"342935","Marianne","Dubois","Centre-Val de Loire","Loiret","5","Sans profession déclarée","Les Républicains","LR"
"774962","Karine","Lebon","Réunion","Réunion","2","Professeure des écoles","Gauche démocrate et républicaine","GDR"
"720100","Aurélien","Pradié","Occitanie","Lot","1","Cadre supérieur (secteur privé)","Les Républicains","LR"
"721062","Jean-Hugues","Ratenon","Réunion","Réunion","5","Employé (secteur privé)","La France insoumise","FI"
"718694","Marc","Delatte","Hauts-de-France","Aisne","4","Médecin","La République en Marche","LaREM"
"722244","Marie-Ange","Magne","Nouvelle-Aquitaine","Haute-Vienne","3","Contractuelle de la fonction publique territoriale","La République en Marche","LaREM"
"722260","Cédric","Villani","Ile-de-France","Essonne","5","Professeur de faculté","Non inscrit","NI"
"719740","Jean-Charles","Colas-Roy","Auvergne-Rhône-Alpes","Isère","2","Ingénieur","La République en Marche","LaREM"
"722142","François","Ruffin","Hauts-de-France","Somme","1","Reporter","La France insoumise","FI"
"719756","Christine","Cloarec-Le Nabour","Bretagne","Ille-et-Vilaine","5","Employée (secteur privé)","La République en Marche","LaREM"
"267306","André","Chassaigne","Auvergne-Rhône-Alpes","Puy-de-Dôme","5","Retraité de l'éducation nationale","Gauche démocrate et républicaine","GDR"
"721888","Pierre-Alain","Raphan","Ile-de-France","Essonne","10","Directeur d'un cabinet de conseil","La République en Marche","LaREM"
"721776","Didier","Baichère","Ile-de-France","Yvelines","1","Directeur des Ressources Humaines","La République en Marche","LaREM"
"721674","Stéphanie","Atger","Ile-de-France","Essonne","6","Ecrivain public","La République en Marche","LaREM"
"720446","Brigitte","Liso","Hauts-de-France","Nord","4","Commerçant","La République en Marche","LaREM"
"267766","Guy","Bricout","Hauts-de-France","Nord","18","Retraité fonction publique (hors enseignement)","UDI et Indépendants","UDI-I"
"721418","Patrick","Mignola","Auvergne-Rhône-Alpes","Savoie","4","Industriel-Chef d'entreprise","Mouvement Démocrate (MoDem) et Démocrates apparentés","Dem"
"719024","Christophe","Blanchet","Normandie","Calvados","4","Commerçant","Mouvement Démocrate (MoDem) et Démocrates apparentés","Dem"
"721434","Frédérique","Lardet","Auvergne-Rhône-Alpes","Haute-Savoie","2","Cadre d'entreprise","La République en Marche","LaREM"
"2828","Alain","Tourret","Normandie","Calvados","6","Avocat","La République en Marche","LaREM"
"721194","Frédérique","Dumas","Ile-de-France","Hauts-de-Seine","13","Industriel-Chef d'entreprise","Libertés et Territoires","LT"
"720092","Richard","Ramos","Centre-Val de Loire","Loiret","6","Autre cadre (secteur privé)","Mouvement Démocrate (MoDem) et Démocrates apparentés","Dem"
"720108","Valérie","Oppelt","Pays de la Loire","Loire-Atlantique","2","Administrateur de sociétés","La République en Marche","LaREM"
"605084","Jacques","Krabal","Hauts-de-France","Aisne","5","Retraité de l'enseignement","La République en Marche","LaREM"
"722252","Marie-Pierre","Rixain","Ile-de-France","Essonne","4","Consultante en communication","La République en Marche","LaREM"
"718710","Pascale","Boyer","Provence-Alpes-Côte d'Azur","Hautes-Alpes","1","","La République en Marche","LaREM"
"722268","Martine","Wonner","Grand Est","Bas-Rhin","4","Directrice médicale et directrice de développement en entreprise","Non inscrit","NI"
"342601","Pascal","Brindeau","Centre-Val de Loire","Loir-et-Cher","3","Juriste consultant","UDI et Indépendants","UDI-I"
"722150","Sacha","Houlié","Nouvelle-Aquitaine","Vienne","2","Avocat","La République en Marche","LaREM"
"332228","Thierry","Benoit","Bretagne","Ille-et-Vilaine","6","Représentant de commerce","UDI et Indépendants","UDI-I"
"721012","Manuéla","Kéclard-Mondésir","Martinique","Martinique","2","technicienne territoriale","Gauche démocrate et républicaine","GDR"
"722162","Nicolas","Turquois","Nouvelle-Aquitaine","Vienne","4","Agriculteur-propriétaire exploitant","Mouvement Démocrate (MoDem) et Démocrates apparentés","Dem"
"720720","Josy","Poueyto","Nouvelle-Aquitaine","Pyrénées-Atlantiques","1","Retraitée de la fonction publique (hors enseignement)","Mouvement Démocrate (MoDem) et Démocrates apparentés","Dem"
"721896","Elsa","Faucillon","Ile-de-France","Hauts-de-Seine","1","Employée du secteur privé","Gauche démocrate et républicaine","GDR"
"1592","David","Habib","Nouvelle-Aquitaine","Pyrénées-Atlantiques","3","Cadre","Socialistes et apparentés","SOC"
"609332","Olivier","Faure","Ile-de-France","Seine-et-Marne","11","Cadre supérieur (secteur privé)","Socialistes et apparentés","SOC"
"331582","Philippe","Vigier","Centre-Val de Loire","Eure-et-Loir","4","Biologiste A.I.H.P.","Mouvement Démocrate (MoDem) et Démocrates apparentés","Dem"
"332747","François","de Rugy","Pays de la Loire","Loire-Atlantique","1","Assistant parlementaire","La République en Marche","LaREM"
"721784","Valérie","Gomez-Bassac","Provence-Alpes-Côte d'Azur","Var","6","Maître de conférences","La République en Marche","LaREM"
"719396","Jean-Charles","Larsonneur","Bretagne","Finistère","2","Diplomate","Agir ensemble","Agir ens"
"267785","Guillaume","Larrivé","Bourgogne-Franche-Comté","Yonne","1","Maître des requêtes au Conseil d'État-Avocat","Les Républicains","LR"
"720454","Dimitri","Houbron","Hauts-de-France","Nord","17","Conseiller juridique","Agir ensemble","Agir ens"
"720468","Sébastien","Chenu","Hauts-de-France","Nord","19","Conseiller en communication","Non inscrit","NI"
"719032","Bertrand","Bouyx","Normandie","Calvados","5","Pharmacien","La République en Marche","LaREM"
"784314","Christophe","Leclercq","Hauts-de-France","Pas-de-Calais","6","","La République en Marche","LaREM"
"719044","Nadia","Essayan","Centre-Val de Loire","Cher","2","Cadre associatif","Mouvement Démocrate (MoDem) et Démocrates apparentés","Dem"
"942","Charles","de Courson","Grand Est","Marne","5","Ancien magistrat à la Cour des comptes","Libertés et Territoires","LT"
"724827","Ramlati","Ali","Mayotte","Mayotte","1","Médecin","La République en Marche","LaREM"
"721202","Éric","Coquerel","Ile-de-France","Seine-Saint-Denis","1","Industriel-Chef d'entreprise","La France insoumise","FI"
"720116","Anne-France","Brunet","Pays de la Loire","Loire-Atlantique","3","Chef d'entreprise","La République en Marche","LaREM"
"267901","Mansour","Kamardine","Mayotte","Mayotte","2","Avocat","Les Républicains","LR"
"267355","Antoine","Herth","Grand Est","Bas-Rhin","5","Agriculteur","Agir ensemble","Agir ens"
"610775","Philippe","Gomès","Nouvelle-Calédonie","Nouvelle-Calédonie","2","Cadre supérieur de la fonction publique","UDI et Indépendants","UDI-I"
"336439","Jean-Michel","Clément","Nouvelle-Aquitaine","Vienne","3","Avocat","Libertés et Territoires","LT"
"722170","Sophie","Beaudouin-Hubiere","Nouvelle-Aquitaine","Haute-Vienne","1","Sans profession déclarée","La République en Marche","LaREM"
"719778","François","Jolivet","Centre-Val de Loire","Indre","1","Cadre supérieur (secteur privé)","La République en Marche","LaREM"
"720728","Jean-Paul","Mattei","Nouvelle-Aquitaine","Pyrénées-Atlantiques","2","Notaire","Mouvement Démocrate (MoDem) et Démocrates apparentés","Dem"
"720738","Thierry","Michels","Grand Est","Bas-Rhin","1","Cadre supérieur (secteur privé)","La République en Marche","LaREM"
"721916","Natalia","Pouzyreff","Ile-de-France","Yvelines","6","Ingénieure","La République en Marche","LaREM"
"719388","Annaïg","Le Meur","Bretagne","Finistère","1","Autre profession libérale","La République en Marche","LaREM"
"643004","Grégory","Labille","Hauts-de-France","Somme","5","Professeur des écoles","UDI et Indépendants","UDI-I"
"721792","Émilie","Guerel","Provence-Alpes-Côte d'Azur","Var","7","Professeur du secondaire et techn.","La République en Marche","LaREM"
"719404","Didier","Le Gac","Bretagne","Finistère","3","Profession rattachée à l'enseignement","La République en Marche","LaREM"
"721542","Marie-Christine","Verdier-Jouclas","Occitanie","Tarn","2","Directrice d'agence bancaire","La République en Marche","LaREM"
"421348","André","Villiers","Bourgogne-Franche-Comté","Yonne","2","Agriculteur-propriétaire exploitant","UDI et Indépendants","UDI-I"
"267200","Sébastien","Huyghe","Hauts-de-France","Nord","5","Notaire","Les Républicains","LR"
"608826","Virginie","Duby-Muller","Auvergne-Rhône-Alpes","Haute-Savoie","4","Cadre du secteur privé","Les Républicains","LR"
"719052","Loïc","Kervran","Centre-Val de Loire","Cher","3","Autre cadre (secteur privé)","Agir ensemble","Agir ens"
"721458","Xavier","Roseren","Auvergne-Rhône-Alpes","Haute-Savoie","6","Commerçant","La République en Marche","LaREM"
"721210","Alexis","Corbière","Ile-de-France","Seine-Saint-Denis","7","Professeur de lycée professionnel","La France insoumise","FI"
"721932","Marie-France","Lorho","Provence-Alpes-Côte d'Azur","Vaucluse","4","Déléguée médicale","Non inscrit","NI"
"720124","Aude","Amadou","Pays de la Loire","Loire-Atlantique","4","Ex-sportive de haut niveau","La République en Marche","LaREM"
"721094","Philippe","Dunoyer","Nouvelle-Calédonie","Nouvelle-Calédonie","1","Fonctionnaire de catégorie A","UDI et Indépendants","UDI-I"
"718720","Jean-Paul","Dufrègne","Auvergne-Rhône-Alpes","Allier","1","Conseiller d'entreprise","Gauche démocrate et républicaine","GDR"
"702052","Maina","Sage","Polynésie française","Polynésie Française","1","Consultant en communication","Agir ensemble","Agir ens"
"718736","Bénédicte","Peyrol","Auvergne-Rhône-Alpes","Allier","3","Conseiller juridique","La République en Marche","LaREM"
"722292","Thomas","Rudigoz","Auvergne-Rhône-Alpes","Rhône","1","Sans profession déclarée","La République en Marche","LaREM"
"720870","Jean François","Mbaye","Ile-de-France","Val-de-Marne","2","Juriste","La République en Marche","LaREM"
"719770","Florian","Bachelier","Bretagne","Ille-et-Vilaine","8","Avocat","La République en Marche","LaREM"
"722178","Jacques","Maire","Ile-de-France","Hauts-de-Seine","8","Fonctionnaire de catégorie A","La République en Marche","LaREM"
"1327","Nicolas","Forissier","Centre-Val de Loire","Indre","2","Chef d'entreprise","Les Républicains","LR"
"721908","Yaël","Braun-Pivet","Ile-de-France","Yvelines","5","Avocate","La République en Marche","LaREM"
"720746","Sylvain","Waserman","Grand Est","Bas-Rhin","2","Industriel-Chef d'entreprise","Mouvement Démocrate (MoDem) et Démocrates apparentés","Dem"
"721924","Michèle","de Vaucouleurs","Ile-de-France","Yvelines","7","Conseillère en insertion professionnelle","Mouvement Démocrate (MoDem) et Démocrates apparentés","Dem"
"721800","Fabien","Matras","Provence-Alpes-Côte d'Azur","Var","8","Enseignant vacataire Faculté","La République en Marche","LaREM"
"719412","Sandrine","Le Feur","Bretagne","Finistère","4","Agriculteur-propriétaire exploitant","La République en Marche","LaREM"
"719326","Séverine","Gipson","Normandie","Eure","1","Cadre en certification","La République en Marche","LaREM"
"720480","Charlotte","Parmentier-Lecocq","Hauts-de-France","Nord","6","Industriel-Chef d'entreprise","La République en Marche","LaREM"
"702054","Stéphane","Claireaux","Saint-Pierre-et-Miquelon","Saint-Pierre-et-Miquelon","1","Infographiste","La République en Marche","LaREM"
"720492","Catherine","Osson","Hauts-de-France","Nord","8","Directrice d'école","La République en Marche","LaREM"
"721450","Marion","Lenne","Auvergne-Rhône-Alpes","Haute-Savoie","5","Cheffe de projet","La République en Marche","LaREM"
"719060","Christophe","Jerretie","Nouvelle-Aquitaine","Corrèze","1","Profession libérale","Mouvement Démocrate (MoDem) et Démocrates apparentés","Dem"
"923","François","Cornut-Gentille","Grand Est","Haute-Marne","2","Cadre d'entreprise","Les Républicains","LR"
"717379","Sylvain","Maillard","Ile-de-France","Paris","1","Industriel-Chef d'entreprise","La République en Marche","LaREM"
"266793","Jean-Yves","Bony","Auvergne-Rhône-Alpes","Cantal","2","Exploitant agricole","Les Républicains","LR"
"721218","Sylvie","Charrière","Ile-de-France","Seine-Saint-Denis","8","Fonctionnaire de catégorie A","La République en Marche","LaREM"
"721234","Maud","Petit","Ile-de-France","Val-de-Marne","4","Employée (secteur privé)","Mouvement Démocrate (MoDem) et Démocrates apparentés","Dem"
"643175","Stella","Dupont","Pays de la Loire","Maine-et-Loire","2","Comptable","La République en Marche","LaREM"
"720138","Laetitia","Saint-Paul","Pays de la Loire","Maine-et-Loire","4","Officier de l'armée de Terre","La République en Marche","LaREM"
"718728","Laurence","Vanceunebrock","Auvergne-Rhône-Alpes","Allier","2","Fonctionnaire de catégorie B","La République en Marche","LaREM"
"722284","Bruno","Fuchs","Grand Est","Haut-Rhin","6","Industriel-Chef d'entreprise","Mouvement Démocrate (MoDem) et Démocrates apparentés","Dem"
"719436","Nicolas","Meizonnet","Occitanie","Gard","2","Ingénieur en informatique","Non inscrit","NI"
"721110","Nicole","Sanquer","Polynésie française","Polynésie Française","2","Professeur du secondaire et technique","UDI et Indépendants","UDI-I"
"718744","Delphine","Bagarry","Provence-Alpes-Côte d'Azur","Alpes-de-Haute-Provence","1","Médecin","Non inscrit","NI"
"722300","Anissa","Khedher","Auvergne-Rhône-Alpes","Rhône","7","Cadre hospitalier","La République en Marche","LaREM"
"720878","Laurent","Saint-Martin","Ile-de-France","Val-de-Marne","3","Cadre supérieur (secteur privé)","La République en Marche","LaREM"
"346876","Thierry","Solère","Ile-de-France","Hauts-de-Seine","9","Cadre supérieur","La République en Marche","LaREM"
"719790","Philippe","Chalumeau","Centre-Val de Loire","Indre-et-Loire","1","Médecin ","La République en Marche","LaREM"
"720754","Bruno","Studer","Grand Est","Bas-Rhin","3","Professeur du secondaire et technique","La République en Marche","LaREM"
"720764","Florence","Lasserre","Nouvelle-Aquitaine","Pyrénées-Atlantiques","5","Employée du secteur privé","Mouvement Démocrate (MoDem) et Démocrates apparentés","Dem"
"721808","Michèle","Crouzet","Bourgogne-Franche-Comté","Yonne","3","Co-gérante d'entreprise en disponibilité","Mouvement Démocrate (MoDem) et Démocrates apparentés","Dem"
"719420","Denis","Sommer","Bourgogne-Franche-Comté","Doubs","3","Professeur du secondaire et technique","La République en Marche","LaREM"
"721864","Souad","Zitouni","Provence-Alpes-Côte d'Azur","Vaucluse","1","Avocate","La République en Marche","LaREM"
"267330","Michel","Zumkeller","Bourgogne-Franche-Comté","Territoire de Belfort","2","Comptable","UDI et Indépendants","UDI-I"
"605991","Annie","Genevard","Bourgogne-Franche-Comté","Doubs","5","Professeur du secondaire ","Les Républicains","LR"
"721568","Pierre","Person","Ile-de-France","Paris","6","Autre cadre (secteur privé)","La République en Marche","LaREM"
"720500","Valérie","Petit","Hauts-de-France","Nord","9","Enseignant chercheur ","Agir ensemble","Agir ens"
"330909","Vincent","Descoeur","Auvergne-Rhône-Alpes","Cantal","1","Professeur agrégé de biologie","Les Républicains","LR"
"333285","Guillaume","Garot","Pays de la Loire","Mayenne","1","Cadre administratif","Socialistes et apparentés","SOC"
"721466","Gilles","Le Gendre","Ile-de-France","Paris","2","Industriel-Chef d'entreprise","La République en Marche","LaREM"
"719072","Thomas","Mesnier","Nouvelle-Aquitaine","Charente","1","Médecin","La République en Marche","LaREM"
"267042","Yannick","Favennec-Bécot","Pays de la Loire","Mayenne","3","Directeur de cabinet","UDI et Indépendants","UDI-I"
"721226","Sabine","Rubin","Ile-de-France","Seine-Saint-Denis","9","Fonctionnaire de catégorie A","La France insoumise","FI"
"746","Gilles","Carrez","Ile-de-France","Val-de-Marne","5","Fonctionnaire de l'État retraité","Les Républicains","LR"
"720146","Denis","Masséglia","Pays de la Loire","Maine-et-Loire","5","Ingénieur Arts et métiers","La République en Marche","LaREM"
"721118","Moetai","Brotherson","Polynésie française","Polynésie Française","3","Autre profession","Gauche démocrate et républicaine","GDR"
"605036","Damien","Abad","Auvergne-Rhône-Alpes","Ain","5","Sans profession déclarée","Les Républicains","LR"
"719922","Lionel","Causse","Nouvelle-Aquitaine","Landes","2","Autre cadre (secteur privé)","La République en Marche","LaREM"
"719798","Daniel","Labaronne","Centre-Val de Loire","Indre-et-Loire","2","Maître de conférences","La République en Marche","LaREM"
"719814","Fabienne","Colboc","Centre-Val de Loire","Indre-et-Loire","4","Industriel-Chef d'entreprise","La République en Marche","LaREM"
"1838","Jean","Lassalle","Nouvelle-Aquitaine","Pyrénées-Atlantiques","4","Technicien agricole","Libertés et Territoires","LT"
"609726","Julien","Aubert","Provence-Alpes-Côte d'Azur","Vaucluse","5","Magistrat à la Cour des Comptes","Les Républicains","LR"
"720772","Vincent","Bru","Nouvelle-Aquitaine","Pyrénées-Atlantiques","6","Professeur de faculté","Mouvement Démocrate (MoDem) et Démocrates apparentés","Dem"
"721946","Jacques","Marilossian","Ile-de-France","Hauts-de-Seine","7","Cadre supérieur (secteur privé)","La République en Marche","LaREM"
"720560","Perrine","Goulet","Bourgogne-Franche-Comté","Nièvre","1","Autre cadre (secteur privé)","Mouvement Démocrate (MoDem) et Démocrates apparentés","Dem"
"721876","Adrien","Morenas","Provence-Alpes-Côte d'Azur","Vaucluse","3","Étudiant en ostéopathie","La République en Marche","LaREM"
"642724","Frédéric","Barbier","Bourgogne-Franche-Comté","Doubs","4","Cadre en entreprise","La République en Marche","LaREM"
"721824","Hugues","Renson","Ile-de-France","Paris","13","Cadre supérieur (entreprises publiques)","La République en Marche","LaREM"
"774954","Anne-Laure","Blin","Pays de la Loire","Maine-et-Loire","3","","Les Républicains","LR"
"719020","Nathalie","Porte","Normandie","Calvados","3","Cadreur-monteur en vidéo","Les Républicains","LR"
"1695","Christian","Jacob","Ile-de-France","Seine-et-Marne","4","Agriculteur","Les Républicains","LR"
"748954","Antoine","Savignat","Ile-de-France","Val-d'Oise","1","Avocat","Les Républicains","LR"
"712014","Vincent","Ledoux","Hauts-de-France","Nord","10","Enseignant","Agir ensemble","Agir ens"
"719918","Fabien","Lainé","Nouvelle-Aquitaine","Landes","1","Commercial","Mouvement Démocrate (MoDem) et Démocrates apparentés","Dem"
"720256","Géraldine","Bannier","Pays de la Loire","Mayenne","2","Professeur du secondaire et technique","Mouvement Démocrate (MoDem) et Démocrates apparentés","Dem"
"721474","Stéphane","Viry","Grand Est","Vosges","1","Avocat","Les Républicains","LR"
"719080","Sandra","Marsaud","Nouvelle-Aquitaine","Charente","2","Cadre (entreprises publiques)","La République en Marche","LaREM"
"720268","Olivier","Damaisin","Nouvelle-Aquitaine","Lot-et-Garonne","3","Représentant de commerce","La République en Marche","LaREM"
"721486","Christophe","Naegelen","Grand Est","Vosges","3","Industriel-Chef d'entreprise","UDI et Indépendants","UDI-I"
"721246","Albane","Gaillot","Ile-de-France","Val-de-Marne","11","Chef de projet digital","Non inscrit","NI"
"720154","Nicole","Dubré-Chirat","Pays de la Loire","Maine-et-Loire","6","Retraitée de la fonction publique hospitalière et chargée de formation","La République en Marche","LaREM"
"720170","Carole","Grandjean","Grand Est","Meurthe-et-Moselle","1","Cadre supérieur (secteur privé)","La République en Marche","LaREM"
"718756","Aude","Bono-Vandorme","Hauts-de-France","Aisne","1","Profession rattachée à l'enseignement","La République en Marche","LaREM"
"608741","Sylvie","Tolmont","Pays de la Loire","Sarthe","4","Cadre de la fonction publique consulaire","Socialistes et apparentés","SOC"
"722312","Barbara","Bessot Ballot","Bourgogne-Franche-Comté","Haute-Saône","1","Cadre (entreprises publiques)","La République en Marche","LaREM"
"719930","Boris","Vallaud","Nouvelle-Aquitaine","Landes","3","Fonctionnaire de catégorie A","Socialistes et apparentés","SOC"
"721126","Claire","Guion-Firmin","Saint-Barthélemy et Saint-Martin","Saint-Barthélemy et Saint-Martin","1","Directrice générale adjointe d'hôtel","Les Républicains","LR"
"718768","Alexandra","Valetta Ardisson","Provence-Alpes-Côte d'Azur","Alpes-Maritimes","4","Coordinatrice aménagement numérique","La République en Marche","LaREM"
"608416","Patrick","Hetzel","Grand Est","Bas-Rhin","7","Professeur des Universités","Les Républicains","LR"
"759192","Jean-Luc","Poudroux","Réunion","Réunion","7","Retraité de l'éducation nationale","Les Républicains","LR"
"720892","Mathilde","Panot","Ile-de-France","Val-de-Marne","10","Coordinatrice de projets associatifs","La France insoumise","FI"
"720908","Naïma","Moutchou","Ile-de-France","Val-d'Oise","4","Avocat","La République en Marche","LaREM"
"643192","Chantal","Jourdan","Normandie","Orne","1","Psychologue","Socialistes et apparentés","SOC"
"719822","Sabine","Thillaye","Centre-Val de Loire","Indre-et-Loire","5","Chef d'entreprise","Mouvement Démocrate (MoDem) et Démocrates apparentés","Dem"
"345722","Constance","Le Grip","Ile-de-France","Hauts-de-Seine","6","Permanent politique","Les Républicains","LR"
"720780","Jean-Bernard","Sempastous","Occitanie","Hautes-Pyrénées","1","Professeur du secondaire et technique","La République en Marche","LaREM"
"719570","Catherine","Fabre","Nouvelle-Aquitaine","Gironde","2","Maître de conférences des Universités","La République en Marche","LaREM"
"720568","Agnès","Thill","Hauts-de-France","Oise","2","Enseignant du 1er degré-Directeur d'école","UDI et Indépendants","UDI-I"
"719440","Anthony","Cellier","Occitanie","Gard","3","Autre cadre (secteur privé)","La République en Marche","LaREM"
"721584","Jean","Terlier","Occitanie","Tarn","3","Avocat","La République en Marche","LaREM"
"721816","Ian","Boucard","Bourgogne-Franche-Comté","Territoire de Belfort","1","Autre cadre (secteur privé)","Les Républicains","LR"
"333818","Christian","Hutin","Hauts-de-France","Nord","13","Médecin généraliste","Socialistes et apparentés","SOC"
"856","Gérard","Cherpion","Grand Est","Vosges","2","Pharmacien","Les Républicains","LR"
"1809","Jérôme","Lambert","Nouvelle-Aquitaine","Charente","3","Cadre de l'industrie","Socialistes et apparentés","SOC"
"266788","Pierre","Morel-À-L'Huissier","Occitanie","Lozère","1","Avocat","UDI et Indépendants","UDI-I"
"267324","Jean-Jacques","Gaultier","Grand Est","Vosges","4","Médecin biologiste","Les Républicains","LR"
"719092","Frédérique","Tuffnell","Nouvelle-Aquitaine","Charente-Maritime","2","Cadre (entreprises publiques)","Mouvement Démocrate (MoDem) et Démocrates apparentés","Dem"
"721170","Stéphane","Vojetta","Français établis hors de France","Français établis hors de France","5","Entrepreneur","La République en Marche","LaREM"
"721270","Stéphane","Peu","Ile-de-France","Seine-Saint-Denis","2","Employé administratif","Gauche démocrate et républicaine","GDR"
"720162","Philippe","Bolo","Pays de la Loire","Maine-et-Loire","7","Ingénieur","Mouvement Démocrate (MoDem) et Démocrates apparentés","Dem"
"720178","Laurent","Garcia","Grand Est","Meurthe-et-Moselle","2","Ingénieur","Mouvement Démocrate (MoDem) et Démocrates apparentés","Dem"
"712015","Julien","Dive","Hauts-de-France","Aisne","2","Chef de projet dans l'industrie","Les Républicains","LR"
"722320","Christophe","Lejeune","Bourgogne-Franche-Comté","Haute-Saône","2","Courtier en assurances","La République en Marche","LaREM"
"721134","Roland","Lescure","Français établis hors de France","Français établis hors de France","1","Cadre supérieur (secteur privé)","La République en Marche","LaREM"
"713448","Marine","Brenier","Provence-Alpes-Côte d'Azur","Alpes-Maritimes","5","Juriste","Les Républicains","LR"
"266776","Frédéric","Reiss","Grand Est","Bas-Rhin","8","Agrégé de mathématiques","Les Républicains","LR"
"720900","Cécile","Rilhac","Ile-de-France","Val-d'Oise","3","Profession rattachée à l'enseignement","La République en Marche","LaREM"
"720916","Fiona","Lazaar","Ile-de-France","Val-d'Oise","5","Cadre d'entreprise","La République en Marche","LaREM"
"719382","Luc","Lamirault","Centre-Val de Loire","Eure-et-Loir","3","chef d'entreprise","Agir ensemble","Agir ens"
"719830","Nicolas","Démoulin","Occitanie","Hérault","8","Gérant d'une agence de communication","La République en Marche","LaREM"
"608292","Jeanine","Dubié","Occitanie","Hautes-Pyrénées","2","Fonctionnaire de catégorie A","Libertés et Territoires","LT"
"342240","Jean-Luc","Bourgeaux","Bretagne","Ille-et-Vilaine","7","Agriculteur","Les Républicains","LR"
"721960","Danièle","Obono","Ile-de-France","Paris","17","Bibliothécaire","La France insoumise","FI"
"719578","Loïc","Prud'homme","Nouvelle-Aquitaine","Gironde","3","Fonctionnaire de catégorie B","La France insoumise","FI"
"720576","Pascal","Bois","Hauts-de-France","Oise","3","Autre cadre (secteur privé)","La République en Marche","LaREM"
"721836","Jean-Noël","Barrot","Ile-de-France","Yvelines","2","Professeur de faculté","Mouvement Démocrate (MoDem) et Démocrates apparentés","Dem"
"719448","Annie","Chapelier","Occitanie","Gard","4","Infirmière anesthésiste","Agir ensemble","Agir ens"
"719464","Sébastien","Nadot","Occitanie","Haute-Garonne","10","Professeur du secondaire et technique","Libertés et Territoires","LT"
"609590","Valérie","Rabault","Occitanie","Tarn-et-Garonne","1","Ingénieure","Socialistes et apparentés","SOC"
"643089","Jean-Louis","Thiériot","Ile-de-France","Seine-et-Marne","3","Avocat","Les Républicains","LR"
"722218","Cécile","Delpirou","Hauts-de-France","Somme","2","Ingénieure mécanicienne","La République en Marche","LaREM"
"721600","Laurianne","Rossi","Ile-de-France","Hauts-de-Seine","11","Cadre (entreprises publiques)","La République en Marche","LaREM"
"720520","Anne-Laure","Cattelot","Hauts-de-France","Nord","12","Conseillère Développement économique","La République en Marche","LaREM"
"642868","Paul","Christophe","Hauts-de-France","Nord","14","Fonctionnaire de catégorie A","Agir ensemble","Agir ens"
"605694","Olivier","Falorni","Nouvelle-Aquitaine","Charente-Maritime","1","Professeur du secondaire","Libertés et Territoires","LT"
"720278","Matthieu","Orphelin","Pays de la Loire","Maine-et-Loire","1","Cadre supérieur (entreprises publiques)","Non inscrit","NI"
"721498","Stanislas","Guerini","Ile-de-France","Paris","3","Cadre supérieur (secteur privé)","La République en Marche","LaREM"
"719100","Jean-Philippe","Ardouin","Nouvelle-Aquitaine","Charente-Maritime","3","Chef d'entreprise","La République en Marche","LaREM"
"333421","Bertrand","Pancher","Grand Est","Meuse","1","Directeur du développement","Libertés et Territoires","LT"
"721262","Guillaume","Vuilletet","Ile-de-France","Val-d'Oise","2","Cadre supérieur (secteur privé)","La République en Marche","LaREM"
"721278","Patrice","Anato","Ile-de-France","Seine-Saint-Denis","3","Consultant","La République en Marche","LaREM"
"266797","Philippe","Gosselin","Normandie","Manche","1","Maître de conférences à Sciences Po","Les Républicains","LR"
"719946","Guillaume","Peltier","Centre-Val de Loire","Loir-et-Cher","2","Autre cadre (secteur privé)","Non inscrit","NI"
"721142","Paula","Forteza","Français établis hors de France","Français établis hors de France","2","Cadre supérieur (secteur privé)","Non inscrit","NI"
"718780","Laurence","Trastour-Isnart","Provence-Alpes-Côte d'Azur","Alpes-Maritimes","6","Rédacteur territorial","Les Républicains","LR"
"722336","Vincent","Thiébaut","Grand Est","Bas-Rhin","9","Autre cadre (secteur privé)","La République en Marche","LaREM"
"332614","Régis","Juanico","Auvergne-Rhône-Alpes","Loire","1","Fonctionnaire territorial","Socialistes et apparentés","SOC"
"721158","Pieyre-Alexandre","Anglade","Français établis hors de France","Français établis hors de France","4","Agent contractuel au Parlement européen","La République en Marche","LaREM"
"606639","Patrick","Vignal","Occitanie","Hérault","9","Industriel-Chef d'entreprise","La République en Marche","LaREM"
"719850","Cendra","Motin","Auvergne-Rhône-Alpes","Isère","6","Autre profession libérale","La République en Marche","LaREM"
"720790","Romain","Grau","Occitanie","Pyrénées-Orientales","1","Industriel-Chef d'entreprise","La République en Marche","LaREM"
"721968","Michel","Vialay","Ile-de-France","Yvelines","8","Cadre supérieur (secteur privé)","Les Républicains","LR"
"1008","Alain","David","Nouvelle-Aquitaine","Gironde","4","Ingénieur","Socialistes et apparentés","SOC"
"720668","Emmanuel","Blairy","Hauts-de-France","Pas-de-Calais","3","Fonctionnaire territorial","Non inscrit","NI"
"720806","Laurence","Gayte","Occitanie","Pyrénées-Orientales","3","Cadre supérieur (secteur privé)","La République en Marche","LaREM"
"721442","Christelle","Petex-Levet","Auvergne-Rhône-Alpes","Haute-Savoie","3","","Les Républicains","LR"
"721984","Philippe","Latombe","Pays de la Loire","Vendée","1","Cadre supérieur (secteur privé)","Mouvement Démocrate (MoDem) et Démocrates apparentés","Dem"
"2960","Éric","Woerth","Hauts-de-France","Oise","4","Associé dans un cabinet d'audit international","Les Républicains","LR"
"720590","Benoit","Potterie","Hauts-de-France","Pas-de-Calais","8","Opticien audioprothésiste","Agir ensemble","Agir ens"
"719456","Sandrine","Mörch","Occitanie","Haute-Garonne","9","Journaliste et autre média","La République en Marche","LaREM"
"719472","Jean-René","Cazeneuve","Occitanie","Gers","1","Ingénieur","La République en Marche","LaREM"
"336175","Sylvia","Pinel","Occitanie","Tarn-et-Garonne","2","","Libertés et Territoires","LT"
"721608","Jean-Louis","Bourlanges","Ile-de-France","Hauts-de-Seine","12","Retraité de la fonction publique","Mouvement Démocrate (MoDem) et Démocrates apparentés","Dem"
"719230","Yannick","Kerlogot","Bretagne","Côtes-d'Armor","4","Enseignant du 1er degré, directeur d'école","La République en Marche","LaREM"
"720610","Myriane","Houplain","Hauts-de-France","Pas-de-Calais","10","","Non inscrit","NI"
"720538","Jennifer","De Temmerman","Hauts-de-France","Nord","15","Profession rattachée à l'enseignement","Libertés et Territoires","LT"
"720286","Caroline","Fiat","Grand Est","Meurthe-et-Moselle","6","Salariée du secteur médical","La France insoumise","FI"
"721506","Brigitte","Kuster","Ile-de-France","Paris","4","Sans profession déclarée","Les Républicains","LR"
"719108","Raphaël","Gérard","Nouvelle-Aquitaine","Charente-Maritime","4","Cadre supérieur (secteur privé)","La République en Marche","LaREM"
"720298","Émilie","Cariou","Grand Est","Meuse","2","Fonctionnaire de catégorie A","Non inscrit","NI"
"721286","Alain","Ramadier","Ile-de-France","Seine-Saint-Denis","10","Cadre bancaire","Les Républicains","LR"
"720190","Bertrand","Sorre","Normandie","Manche","2","Enseignant 1er degré-directeur d'école (en disponibilité)","La République en Marche","LaREM"
"720202","Sonia","Krimi","Normandie","Manche","4","Cadre supérieur (secteur privé)","La République en Marche","LaREM"
"721150","Alexandre","Holroyd","Français établis hors de France","Français établis hors de France","3","Sans profession déclarée","La République en Marche","LaREM"
"718784","Éric","Pauget","Provence-Alpes-Côte d'Azur","Alpes-Maritimes","7","Autre cadre (secteur privé)","Les Républicains","LR"
"722344","Hubert","Julien-Laferrière","Auvergne-Rhône-Alpes","Rhône","2","Professeur certifié de SES","Non inscrit","NI"
"719952","Jean-Michel","Mis","Auvergne-Rhône-Alpes","Loire","2","Autre cadre (secteur privé)","La République en Marche","LaREM"
"718794","Danièle","Hérin","Occitanie","Aude","1","Retraitée professeur d'université - ancienne présidente d'université","La République en Marche","LaREM"
"2377","Bernard","Perrut","Auvergne-Rhône-Alpes","Rhône","9","Ancien avocat","Les Républicains","LR"
"720932","Dominique","Da Silva","Ile-de-France","Val-d'Oise","7","Industriel-Chef d'entreprise","La République en Marche","LaREM"
"720944","Zivka","Park","Ile-de-France","Val-d'Oise","9","Autre cadre (secteur privé)","La République en Marche","LaREM"
"719858","Monique","Limon","Auvergne-Rhône-Alpes","Isère","7","Retraitée Fonction publique territoriale","La République en Marche","LaREM"
"721976","Bruno","Millienne","Ile-de-France","Yvelines","9","Cadre supérieur (secteur privé)","Mouvement Démocrate (MoDem) et Démocrates apparentés","Dem"
"719592","Benoit","Simian","Nouvelle-Aquitaine","Gironde","5","Responsable formation - Cadre en ressources humaines","Libertés et Territoires","LT"
"720814","Sébastien","Cazenove","Occitanie","Pyrénées-Orientales","4","Fonctionnaire territorial","La République en Marche","LaREM"
"720246","Sylvain","Templier","Grand Est","Haute-Marne","1","Ostéopathe","La République en Marche","LaREM"
"719608","Emmanuelle","Ménard","Occitanie","Hérault","6","Journaliste et autre média","Non inscrit","NI"
"720586","Pierre","Vatin","Hauts-de-France","Oise","5","Permanent politique","Les Républicains","LR"
"720598","Marguerite","Deprez-Audebert","Hauts-de-France","Pas-de-Calais","9","Retraitée salariée (secteur privé)","Mouvement Démocrate (MoDem) et Démocrates apparentés","Dem"
"721616","Pacôme","Rupin","Ile-de-France","Paris","7","Entrepreneur","La République en Marche","LaREM"
"642695","Éric","Bothorel","Bretagne","Côtes-d'Armor","5","Cadre supérieur (secteur privé)","La République en Marche","LaREM"
"719736","Camille","Galliard-Minier","Auvergne-Rhône-Alpes","Isère","1","","La République en Marche","LaREM"
"720546","Alain","Bruneel","Hauts-de-France","Nord","16","Retraité salarié privé","Gauche démocrate et républicaine","GDR"
"721514","Stéphanie","Kerbarh","Normandie","Seine-Maritime","9","Industriel-Chef d'entreprise","Libertés et Territoires","LT"
"2492","Didier","Quentin","Nouvelle-Aquitaine","Charente-Maritime","5","Diplomate de carrière (ministre plénipotentiaire en retraite)","Les Républicains","LR"
"607595","Hervé","Pellois","Bretagne","Morbihan","1","Cadre supérieur du secteur privé","La République en Marche","LaREM"
"330788","Bernard","Reynès","Provence-Alpes-Côte d'Azur","Bouches-du-Rhône","15","Chirurgien-Dentiste","Les Républicains","LR"
"588884","Clémentine","Autain","Ile-de-France","Seine-Saint-Denis","11","Journaliste et autre média","La France insoumise","FI"
"672","Jean-Jacques","Bridey","Ile-de-France","Val-de-Marne","7","Cadre supérieur du secteur privé","La République en Marche","LaREM"
"720210","Valérie","Beauvais","Grand Est","Marne","1","Sans profession déclarée","Les Républicains","LR"
"223837","Bernard","Brochand","Provence-Alpes-Côte d'Azur","Alpes-Maritimes","8","Cadre du secteur privé retraité","Les Républicains","LR"
"334768","Jean-Louis","Touraine","Auvergne-Rhône-Alpes","Rhône","3","Professeur de médecine","La République en Marche","LaREM"
"719960","Valéria","Faure-Muntian","Auvergne-Rhône-Alpes","Loire","3","Agent d'assurances","La République en Marche","LaREM"
"721174","Joachim","Son-Forget","Français établis hors de France","Français établis hors de France","6","Médecin","Non inscrit","NI"
"718802","Alain","Perea","Occitanie","Aude","2","Fonctionnaire de catégorie A","La République en Marche","LaREM"
"722358","Thomas","Gassilloud","Auvergne-Rhône-Alpes","Rhône","10","Industriel-Chef d'entreprise","Agir ensemble","Agir ens"
"719972","Nathalie","Sarles","Auvergne-Rhône-Alpes","Loire","5","Salariée du secteur médical","La République en Marche","LaREM"
"405480","François","Pupponi","Ile-de-France","Val-d'Oise","8","Administrateur des Finances publiques adjoint","Mouvement Démocrate (MoDem) et Démocrates apparentés","Dem"
"720952","Aurélien","Taché","Ile-de-France","Val-d'Oise","10","Fonctionnaire de catégorie A","Non inscrit","NI"
"719866","Caroline","Abadie","Auvergne-Rhône-Alpes","Isère","8","Industriel-Chef entreprise","La République en Marche","LaREM"
"719600","Éric","Poulliat","Nouvelle-Aquitaine","Gironde","6","Fonctionnaire de catégorie B","La République en Marche","LaREM"
"720822","Bruno","Bilde","Hauts-de-France","Pas-de-Calais","12","Juriste","Non inscrit","NI"
"720488","Valérie","Six","Hauts-de-France","Nord","7","Pharmacienne","UDI et Indépendants","UDI-I"
"720928","David","Corceiro","Ile-de-France","Val-d'Oise","6","Responsable commercial (santé dentaire)","Mouvement Démocrate (MoDem) et Démocrates apparentés","Dem"
"722000","Stéphane","Buchou","Pays de la Loire","Vendée","3","Cadre supérieur (secteur privé)","La République en Marche","LaREM"
"719616","Christophe","Euzet","Occitanie","Hérault","7","Maître de conférences en droit public à l'Université","Agir ensemble","Agir ens"
"689","Marie-George","Buffet","Ile-de-France","Seine-Saint-Denis","4","Employée","Gauche démocrate et républicaine","GDR"
"719488","Philippe","Berta","Occitanie","Gard","6","Professeur de faculté","Mouvement Démocrate (MoDem) et Démocrates apparentés","Dem"
"719504","Jean-Luc","Lagleize","Occitanie","Haute-Garonne","2","Conseiller patrimonial","Mouvement Démocrate (MoDem) et Démocrates apparentés","Dem"
"721624","Laetitia","Avia","Ile-de-France","Paris","8","Avocate","La République en Marche","LaREM"
"719242","Jean-Baptiste","Moreau","Nouvelle-Aquitaine","Creuse","1","Agriculteur-propriétaire exploitant","La République en Marche","LaREM"
"720552","Isabelle","Rauch","Grand Est","Moselle","9","Consultante","La République en Marche","LaREM"
"719118","François","Cormier-Bouligeon","Centre-Val de Loire","Cher","1","Conseiller ministériel","La République en Marche","LaREM"
"720310","Christophe","Arend","Grand Est","Moselle","6","Dentiste","La République en Marche","LaREM"
"719130","Monica","Michel-Brassart","Provence-Alpes-Côte d'Azur","Bouches-du-Rhône","16","Directrice commerciale","La République en Marche","LaREM"
"720326","Brahim","Hammouche","Grand Est","Moselle","8","Médecin","Mouvement Démocrate (MoDem) et Démocrates apparentés","Dem"
"721296","Guillaume","Gouffier-Cha","Ile-de-France","Val-de-Marne","6","Manager public","La République en Marche","LaREM"
"1630","Michel","Herbillon","Ile-de-France","Val-de-Marne","8","Cadre supérieur","Les Républicains","LR"
"718918","Alexandra","Louis","Provence-Alpes-Côte d'Azur","Bouches-du-Rhône","3","Avocat","Agir ensemble","Agir ens"
"720214","Aina","Kuric","Grand Est","Marne","2","Chef d'entreprise dans l'œnologie","Agir ensemble","Agir ens"
"267429","Dino","Cinieri","Auvergne-Rhône-Alpes","Loire","4","Consultant sécurité","Les Républicains","LR"
"721182","Frédéric","Petit","Français établis hors de France","Français établis hors de France","7","Ingénieur","Mouvement Démocrate (MoDem) et Démocrates apparentés","Dem"
"718810","Mireille","Robert","Occitanie","Aude","3","Enseignante 1er degré-directrice d'école","La République en Marche","LaREM"
"722366","Jean-Luc","Fugit","Auvergne-Rhône-Alpes","Rhône","11","Professeur de faculté","La République en Marche","LaREM"
"719980","Julien","Borowczyk","Auvergne-Rhône-Alpes","Loire","6","Médecin","La République en Marche","LaREM"
"720960","Olivier","Serva","Guadeloupe","Guadeloupe","1","Expert comptable","La République en Marche","LaREM"
"719874","Élodie","Jacquier-Laforge","Auvergne-Rhône-Alpes","Isère","9","Cadre supérieur (secteur privé)","Mouvement Démocrate (MoDem) et Démocrates apparentés","Dem"
"719890","Danielle","Brulebois","Bourgogne-Franche-Comté","Jura","1","Retraitée de l'enseignement","La République en Marche","LaREM"
"720830","Valérie","Thomas","Auvergne-Rhône-Alpes","Puy-de-Dôme","1","Autre profession libérale","La République en Marche","LaREM"
"721576","Sylvie","Bouchet Bellecourt","Ile-de-France","Seine-et-Marne","2","Infirmière libérale","Les Républicains","LR"
"720006","Luc","Geismar","Pays de la Loire","Loire-Atlantique","5","Directeur régional des ventes","Mouvement Démocrate (MoDem) et Démocrates apparentés","Dem"
"722008","Martine","Leguille-Balloy","Pays de la Loire","Vendée","4","Avocat","La République en Marche","LaREM"
"719624","Bérangère","Couillard","Nouvelle-Aquitaine","Gironde","7","Autre cadre (secteur privé)","La République en Marche","LaREM"
"268019","Jean-Christophe","Lagarde","Ile-de-France","Seine-Saint-Denis","5","Attaché de direction","UDI et Indépendants","UDI-I"
"267337","Claire","Bouchet","Provence-Alpes-Côte d'Azur","Hautes-Alpes","2","Employée de la fonction publique retraitée","La République en Marche","LaREM"
"720614","Marine","Le Pen","Hauts-de-France","Pas-de-Calais","11","Avocate","Non inscrit","NI"
"267289","Jean-Pierre","Door","Centre-Val de Loire","Loiret","4","Cardiologue","Les Républicains","LR"
"720630","Maxime","Minot","Hauts-de-France","Oise","7","Employé (secteur privé)","Les Républicains","LR"
"719496","Pierre","Cabaré","Occitanie","Haute-Garonne","1","Artisan","La République en Marche","LaREM"
"719512","Corinne","Vignon","Occitanie","Haute-Garonne","3","Cadre supérieur (secteur privé)","La République en Marche","LaREM"
"719250","Philippe","Chassaing","Nouvelle-Aquitaine","Dordogne","1","Professeur du secondaire ","La République en Marche","LaREM"
"721644","Rodrigue","Kokouendo","Ile-de-France","Seine-et-Marne","7","Autre cadre (secteur privé)","La République en Marche","LaREM"
"719266","Jean-Pierre","Cubertafon","Nouvelle-Aquitaine","Dordogne","3","Retraité des professions libérales","Mouvement Démocrate (MoDem) et Démocrates apparentés","Dem"
"760658","Francis","Chouat","Ile-de-France","Essonne","1","Retraité","La République en Marche","LaREM"
"720318","Hélène","Zannier","Grand Est","Moselle","7","Fonctionnaire de catégorie A","La République en Marche","LaREM"
"719138","Michel","Castellani","Corse","Haute-Corse","1","Professeur des Universités","Libertés et Territoires","LT"
"720334","Jimmy","Pahun","Bretagne","Morbihan","2","Navigateur","Mouvement Démocrate (MoDem) et Démocrates apparentés","Dem"
"2529","Jean-Luc","Reitzer","Grand Est","Haut-Rhin","3","Cadre d'entreprise chargé des relations sociales","Les Républicains","LR"
"718926","Pierre","Dharréville","Provence-Alpes-Côte d'Azur","Bouches-du-Rhône","13","Employé (secteur privé)","Gauche démocrate et républicaine","GDR"
"720222","Éric","Girardin","Grand Est","Marne","3","Industriel-Chef d'entreprise","La République en Marche","LaREM"
"695100","Meyer","Habib","Français établis hors de France","Français établis hors de France","8","Ingénieur","UDI et Indépendants","UDI-I"
"677483","Stéphane","Mazars","Occitanie","Aveyron","1","Avocat","La République en Marche","LaREM"
"722374","Cyrille","Isaac-Sibille","Auvergne-Rhône-Alpes","Rhône","12","Médecin","Mouvement Démocrate (MoDem) et Démocrates apparentés","Dem"
"721996","Patrick","Loiseau","Pays de la Loire","Vendée","2","Cadre supérieur de la fonction publique territoriale","Mouvement Démocrate (MoDem) et Démocrates apparentés","Dem"
"643134","Isabelle","Valentin","Auvergne-Rhône-Alpes","Haute-Loire","1","Salariée agricole","Les Républicains","LR"
"340343","Hervé","Saulignac","Auvergne-Rhône-Alpes","Ardèche","1","Cadre (entreprises publiques)","Socialistes et apparentés","SOC"
"722390","Josiane","Corneloup","Bourgogne-Franche-Comté","Saône-et-Loire","2","Pharmacienne","Les Républicains","LR"
"720968","Justine","Benin","Guadeloupe","Guadeloupe","2","Fonctionnaire de catégorie B","Mouvement Démocrate (MoDem) et Démocrates apparentés","Dem"
"643145","Hélène","Vainqueur-Christophe","Guadeloupe","Guadeloupe","4","Pharmacienne","Socialistes et apparentés","SOC"
"719882","Marjolaine","Meynier-Millefert","Auvergne-Rhône-Alpes","Isère","10","Consultante","La République en Marche","LaREM"
"332523","Marie-Christine","Dalloz","Bourgogne-Franche-Comté","Jura","2","Autre profession","Les Républicains","LR"
"721768","Marie","Silin","Ile-de-France","Paris","12","Cadre en entreprise","La République en Marche","LaREM"
"719632","Sophie","Panonacle","Nouvelle-Aquitaine","Gironde","8","Sans profession déclarée","La République en Marche","LaREM"
"720846","Bastien","Lachaud","Ile-de-France","Seine-Saint-Denis","6","Professeur du secondaire et technique","La France insoumise","FI"
"722022","Laëtitia","Romeiro Dias","Ile-de-France","Essonne","3","Juriste","La République en Marche","LaREM"
"606507","Florent","Boudié","Nouvelle-Aquitaine","Gironde","10","Cadre supérieur du secteur public","La République en Marche","LaREM"
"720622","Carole","Bureau-Bonnard","Hauts-de-France","Oise","6","Masseur-kinésithérapeute","La République en Marche","LaREM"
"719520","Mickaël","Nogal","Occitanie","Haute-Garonne","4","Autre profession libérale","La République en Marche","LaREM"
"719258","Michel","Delpon","Nouvelle-Aquitaine","Dordogne","2","Retraité salarié du privé","La République en Marche","LaREM"
"267378","Geneviève","Levy","Provence-Alpes-Côte d'Azur","Var","1","Expert foncier et commercial","Les Républicains","LR"
"719272","Frédérique","Meunier","Nouvelle-Aquitaine","Corrèze","2","Avocate","Les Républicains","LR"
"719146","Jean-Félix","Acquaviva","Corse","Haute-Corse","2","Cadre","Libertés et Territoires","LT"
"720342","Nicole","Le Peih","Bretagne","Morbihan","3","Agriculteur-propriétaire exploitant","La République en Marche","LaREM"
"719162","Jacqueline","Dubois","Nouvelle-Aquitaine","Dordogne","4","Retraitée de l'enseignement","La République en Marche","LaREM"
"721314","Raphaël","Schellenberger","Grand Est","Haut-Rhin","4","Attaché Parlementaire","Les Républicains","LR"
"718930","Anne-Laurence","Petel","Provence-Alpes-Côte d'Azur","Bouches-du-Rhône","14","Chargée des relations extérieures - secteur télécom","La République en Marche","LaREM"
"721328","Anne","Brugnera","Auvergne-Rhône-Alpes","Rhône","4","Fonctionnaire de catégorie A","La République en Marche","LaREM"
"721632","Patricia","Lemoine","Ile-de-France","Seine-et-Marne","5","agent immobilier","Agir ensemble","Agir ens"
"720230","Lise","Magnier","Grand Est","Marne","4","cadre territorial","Agir ensemble","Agir ens"
"267794","Michèle","Tabarot","Provence-Alpes-Côte d'Azur","Alpes-Maritimes","9","Chef d'entreprise","Les Républicains","LR"
"722382","Benjamin","Dirx","Bourgogne-Franche-Comté","Saône-et-Loire","1","Industriel-Chef d'entreprise","La République en Marche","LaREM"
"342415","Marie-Noëlle","Battistel","Auvergne-Rhône-Alpes","Isère","4","Autre cadre (secteur privé)","Socialistes et apparentés","SOC"
"722398","Rémy","Rebeyrotte","Bourgogne-Franche-Comté","Saône-et-Loire","3","Professeur d'économie","La République en Marche","LaREM"
"720976","Max","Mathiasin","Guadeloupe","Guadeloupe","3","Fonction publique territoriale","Mouvement Démocrate (MoDem) et Démocrates apparentés","Dem"
"720988","Josette","Manin","Martinique","Martinique","1","Retraitée salariée (secteur privé)","Socialistes et apparentés","SOC"
"721760","Maud","Gatel","Ile-de-France","Paris","11","Directrice générale adjointe d'une agence de communication","Mouvement Démocrate (MoDem) et Démocrates apparentés","Dem"
"267204","Jean-Marie","Sermier","Bourgogne-Franche-Comté","Jura","3","Ancien viticulteur","Les Républicains","LR"
"719640","Sophie","Mette","Nouvelle-Aquitaine","Gironde","9","Sans profession déclarée","Mouvement Démocrate (MoDem) et Démocrates apparentés","Dem"
"720854","Stéphane","Testé","Ile-de-France","Seine-Saint-Denis","12","Enseignant du 1er dégré-Directeur d'école","La République en Marche","LaREM"
"722030","Pierre-Yves","Bournazel","Ile-de-France","Paris","18","Ancien auto-entrepreneur","Agir ensemble","Agir ens"
"719652","Véronique","Hammerer","Nouvelle-Aquitaine","Gironde","11","Fonctionnaire de catégorie A","La République en Marche","LaREM"
